{"cameraMode":{"drawMode":0,"name":"Shaded","section":"Shading Mode"},"sceneLighting":false,"audioPlay":false,"sceneViewState":{"m_AlwaysRefresh":false,"showFog":true,"showSkybox":false,"showFlares":true,"showImageEffects":true,"showParticleSystems":true,"showVisualEffectGraphs":true,"m_FxEnabled":true},"in2DMode":false,"pivot":{"x":3.0645532608032228,"y":4.539999961853027,"z":2.6600000858306886},"rotation":{"x":0.28444525599479678,"y":-0.09185752272605896,"z":0.027391817420721055,"w":0.9538907408714294},"size":0.8660253882408142,"orthographic":false}